﻿開始時刻,終了時刻,クラス名/部活名,タイトル,発表カテゴリ,画像ファイル名,デスクリプション
08:50,09:50,演劇部,cast,演劇,club/engeki,
09:50,10:20,高1E,シン・プリンセス ~お嬢様頂上決戦~,演劇,class/h1e,
10:20,10:50,高1D,TOY STORY Destiny,演劇,class/h1d,
11:00,11:30,中1,シン・トウインサイ ~18期生の十八番~,発表,class/j1
11:30,12:00,中3A,3年A組 ~先生､それは"爆弾"発言です~,演劇,class/j3a,
12:00,12:30,中3B,魔法なしの軌跡,演劇,class/j3b,
13:30,14:00,（未定）,（最優秀舞台発表クラス 再演）,演劇,other/againDummy,
14:00,14:10,文化祭実行委員会 など,結果発表・表彰,式,test3,
14:10,14:15,文化祭実行委員会 など,校長講評・挨拶,式,test3,
14:15,14:30,文化祭実行委員会 など,エンディングセレモニー,式,test3,