問題文,答え,答えの単位,説明参考文
桐蔭高校の敷地面積は何m²?,1,m²,こんにちは。
桐蔭高校のイメージカラーのカラーコード(ハッシュ)は?,2,?#,こんばんは。
桐蔭の海抜高度は何m?,3,m,おはよう。
1棟1階のショーケースに飾られているメダルの数はいくつ?,4,コ,こんにちは。
9月で満月を見られるのは何日?,5,日,こんばんは。
桐蔭高校の経度は何度?,6,度,おはよう。
桐蔭高校の緯度は何度?,7,度,こんにちは。
桐蔭中学校を英語で書くと何文字になる(空白除く)?,8,文字,こんばんは。
桐蔭中高の敷地内に桜の木は何本ある?,9,本,おはよう。
桐蔭高校を卒業した直木賞受賞作家は西暦何年に卒業した?,10,年,こんにちは。